{"stats":{"minecraft:picked_up":{"minecraft:rotten_flesh":1},"minecraft:used":{"minecraft:yellow_carpet":2,"minecraft:wooden_sword":1,"minecraft:tuff":50,"minecraft:obsidian":14},"minecraft:custom":{"minecraft:open_barrel":1,"minecraft:open_chest":1,"minecraft:time_since_rest":18307,"minecraft:damage_dealt":60,"minecraft:crouch_one_cm":443,"minecraft:leave_game":1,"minecraft:sprint_one_cm":19043,"minecraft:play_time":18307,"minecraft:time_since_death":18307,"tombstone:undead_killed":1,"minecraft:walk_one_cm":5013,"minecraft:sneak_time":360,"minecraft:total_world_time":18307,"minecraft:mob_kills":1,"minecraft:fly_one_cm":355909,"minecraft:jump":221},"minecraft:killed":{"undead_revamp2:thehunter":2}},"DataVersion":3465}